from,to,relation
Oliver_Zipse,BMW,1
Harald_Krueger,BMW,1
Klaus_Froehlich,BMW,2
Ilka_Horstmeier,BMW,2
Milan_Nedeljkovic,BMW,2
Pieter_Nota,BMW,2
Nicolas_Peter,BMW,2
Andreas_Wendt,BMW,2
Elmar_Degenhart,Continental,1
HJ_Duensing,Continental,2
Frank_Jourdan,Continental,2
Christian_Koetz,Continental,2
Helmut_Matschi,Continental,2
Ariane_Reinhart,Continental,2
Wolfgang_Schaefer,Continental,2
Nikolai_Setzer,Continental,2
Dieter_Zetsche,Daimler,1
Ola_Kaellenius,Daimler,1
Martin_Daum,Daimler,2
Renata_Jungo_Bruengger,Daimler,2
Wilfried_Porth,Daimler,2
Markus_Schaefer,Daimler,2
Britta_Seeger,Daimler,2
Hubertus_Troska,Daimler,2
Harald_Wilhelm,Daimler,2
Herbert_Diess,Volkswagen,1
Oliver_Blume,Volkswagen,2
Markus_Duesmann,Volkswagen,2
Gunnar_Kilian,Volkswagen,2
Andreas_Renschler,Volkswagen,2
Stefan_Sommer,Volkswagen,2
Hiltrud_Dorothea_Werner,Volkswagen,2
Frank_Witter,Volkswagen,2
Martin_Brudermueller,BASF,1
Hans_Ulrich_Engel,BASF,2
Saori_Dubourg,BASF,2
Michael_Heinz,BASF,2
Markus_Kamieth,BASF,2
Wayne_T_Smith,BASF,2
Werner_Baumann,Bayer,1
Liam_Condon,Bayer,2
Wolfgang_Nickl,Bayer,2
Stefan_Oelrich,Bayer,2
Heiko_Schipper,Bayer,2
Markus_Steilemann,Covestro,1
Sucheta_Govil,Covestro,2
Thomas_Toepfer,Covestro,2
Klaus_Schaefer,Covestro,2
Rice_Powell,Fresenius_Medical_Care,1
Helen_Giza,Fresenius_Medical_Care,2
Franklin_W_Maddux,Fresenius_Medical_Care,2
Katarzyna_Mazur_Hofsaess,Fresenius_Medical_Care,2
Olaf_Schermeier,Fresenius_Medical_Care,2
William_Valle,Fresenius_Medical_Care,2
Kent_Wanzek,Fresenius_Medical_Care,2
Harry_de_Wit,Fresenius_Medical_Care,2
Stephan_Sturm,Fresenius,1
Francesco_De_Meo,Fresenius,2
Rachel_Empey,Fresenius,2
Juergen_Goetz,Fresenius,2
Mats_Henriksson,Fresenius,2
Rice_Powell,Fresenius,2
Ernst_Wastler,Fresenius,2
Stefan_Oschmann,Merck,1
Udit_Batra,Merck,2
Kai_Beckmann,Merck,2
Belen_Garijo,Merck,2
Marcus_Kuhnert,Merck,2
Kasper_Rorsted,adidas,1
Roland_Auschel,adidas,2
Brian_Grevy,adidas,2
Harm_Ohlmeyer,adidas,2
Karen_Parkin,adidas,2
Martin_Shankland,adidas,2
Stefan_de_Loecker,Beiersdorf,1
Thomas_Ingelfinger,Beiersdorf,2
Zhengrong_Liu,Beiersdorf,2
Ramon_A_Mirt,Beiersdorf,2
Asim_Naseer,Beiersdorf,2
Dessi_Temperley,Beiersdorf,2
Vincent_Warnery,Beiersdorf,2
Hans_Van_Bylen,Henkel,1
Carsten_Knobel,Henkel,2
Marco_Swoboda,Henkel,2
Sylvie_Nicol,Henkel,2
Jan_Dirk_Auris,Henkel,2
Jens_Martin_Schwaerzler,Henkel,2
Bruno_Piacenza,Henkel,2
Johannes_Teyssen,EON,1
Leonhard_Birnbaum,EON,2
Thomas_Koenig,EON,2
Marc_Spieker,EON,2
Karsten_Wildberger,EON,2
Rolf_Schmitz,RWE,1
Markus_Krebber,RWE,2
Fabio_de_Ferrari,Allianz,1
Katja_de_la_Vina,Allianz,2
Bernd_Heinemann,Allianz,2
Andreas_Kanning,Allianz,2
Nina_Klingspor,Allianz,2
Aylin_Somersan_Coqui,Allianz,2
Frank_Sommerfeld,Allianz,2
Andreas_Wimmer,Allianz,2
Christan_Sewing,Deutsche_Bank,1
Karl_von_Rohr,Deutsche_Bank,2
Fabrizio_Campelli,Deutsche_Bank,2
Frank_Kuhnke,Deutsche_Bank,2
Bernd_Leukert,Deutsche_Bank,2
Stuart_Lewis,Deutsche_Bank,2
James_von_Moltke,Deutsche_Bank,2
Christiana_Riley,Deutsche_Bank,2
Werner_Steinmueller,Deutsche_Bank,2
Theodor_Weimer,Deutsche_Boerse,1
Christoph_Boehm,Deutsche_Boerse,2
Thomas_Book,Deutsche_Boerse,2
Stephan_Leithner,Deutsche_Boerse,2
Gregor_Pottmeyer,Deutsche_Boerse,2
Hauke_Stars,Deutsche_Boerse,2
Joachim_Wenning,Munich_RE,1
Thomas_Blunck,Munich_RE,2
Nicholas_Gartside,Munich_RE,2
Doris_Hoepke,Munich_RE,2
Torsten_Jeworrek,Munich_RE,2
Christoph_Jurecka,Munich_RE,2
Achim_Kassow,Munich_RE,2
Markus_Riess,Munich_RE,2
Peter_Roeder,Munich_RE,2
Rolf_Buch,Vonovia,1
Arnd_Fittkau,Vonovia,2
Helene_von_Roeder,Vonovia,2
Daniel_Riedl,Vonovia,2
Markus_Braun,Wirecard,1
Alexander_von_Knoop,Wirecard,2
Jan_Marsalek,Wirecard,2
Susanne_Steidl,Wirecard,2
Dominik_von_Achten,HeidelbergCement,1
Lorenz_Naeger,HeidelbergCement,2
Kevin_Gluskie,HeidelbergCement,2
Hakan_Gurdal,HeidelbergCement,2
Ernest_Jelito,HeidelbergCement,2
Jon_Morrish,HeidelbergCement,2
Chris_Ward,HeidelbergCement,2
Steve_Angel,Linde,1
Matt_White,Linde,2
Sanjiv_Lamba,Linde,2
Eduardo_Menezes,Linde,2
Juergen_Nowicki,Linde,2
Andreas_Opfermann,Linde,2
Anne_Roby,Linde,2
Joe_Kaeser,Siemens,1
Roland_Busch,Siemens,2
Klaus_Helmrich,Siemens,2
Cedrik_Neike,Siemens,2
Ralf_Thomas,Siemens,2
Reiner_Winkler,MTU_Aero_Engines,1
Peter_Kameritsch,MTU_Aero_Engines,2
Michael_Schreyoegg,MTU_Aero_Engines,2
Lars_Wagner,MTU_Aero_Engines,2
Frank_Appel,Deutsche_Post,1
Ken_Allen,Deutsche_Post,2
Oscar_de_Bok,Deutsche_Post,2
Melanie_Kreis,Deutsche_Post,2
Tobias_Meyer,Deutsche_Post,2
Thomas_Ogilvie,Deutsche_Post,2
John_Pearson,Deutsche_Post,2
Tim_Scharwath,Deutsche_Post,2
Carsten_Spohr,Lufthansa,1
Thorsten_Dirks,Lufthansa,2
Christina_Foerster,Lufthansa,2
Harry_Hohmeister,Lufthansa,2
Detlef_Kayser,Lufthansa,2
Ulrik_Svensson,Lufthansa,2
Michael_Niggemann,Lufthansa,2
Timotheus_Hoettges,Deutsche_Telekom,1
Adel_Al_Saleh,Deutsche_Telekom,2
Birgit_Bohle,Deutsche_Telekom,2
Srini_Gopalan,Deutsche_Telekom,2
Christian_P_Illek,Deutsche_Telekom,2
Thorsten_Langheim,Deutsche_Telekom,2
Claudia_Nemat,Deutsche_Telekom,2
Dirk_Woessner,Deutsche_Telekom,2
Thomas_Kremer,Deutsche_Telekom,2
Reinhard_Ploss,Infineon,1
Helmut_Gassel,Infineon,2
Jochen_Hanebeck,Infineon,2
Sven_Schneider,Infineon,2
Christian_Klein,SAP,1
Bill_McDermott,SAP,1
Jennifer_Morgan,SAP,1
Adaire_Fox_Martin,SAP,2
Luka_Mucic,SAP,2
Juergen_Mueller,SAP,2
Thomas_Saueressig,SAP,2
Oliver_Zipse,University_of_Utah,3
Oliver_Zipse,TU_Darmstadt,3
Oliver_Zipse,WHU_Koblenz,3
Oliver_Zipse,Kellogg_School_of_Management,3
Oliver_Zipse,VDA,6
Harald_Krueger,TU_Braunschweig,3
Harald_Krueger,RWTH,3
Harald_Krueger,DLR,6
Harald_Krueger,VDA,6
Harald_Krueger,Lufthansa,5
Harald_Krueger,CPPIB,6
Klaus_Froehlich,RWTH,3
Ilka_Horstmeier,UDS,3
Ilka_Horstmeier,VBW,6
Milan_Nedeljkovic,RWTH,3
Milan_Nedeljkovic,MIT,3
Milan_Nedeljkovic,TUM,3
Pieter_Nota,EUR,3
Pieter_Nota,Unilever,4
Pieter_Nota,Beiersdorf,4
Pieter_Nota,Philips,4
Pieter_Nota,MSU,3
Nicolas_Peter,LMU,3
Andreas_Wendt,Staatslehranstalt_Fotografie,3
Andreas_Wendt,TUM,3
Andreas_Wendt,Bosch,4
Elmar_Degenhart,Universitaet_Stuttgart,3
Elmar_Degenhart,Frauenhofer_Institut,3
Elmar_Degenhart,ITT_Automotive,4
Elmar_Degenhart,Keiper_Recaro,4
Elmar_Degenhart,Bosch,4
Elmar_Degenhart,Schaeffler,4
Elmar_Degenhart,Alania_Stuttgart,6
Elmar_Degenhart,VDA,6
HJ_Duensing,Continental,3
HJ_Duensing,Phoenix_Compounding_Technology,4
HJ_Duensing,Benecke_Kaliko,4
HJ_Duensing,Universitaet_Hannover,3
Frank_Jourdan,FH_Darmstadt,3
Frank_Jourdan,ITT_Automotive,4
Frank_Jourdan,Keiper_Recaro,4
Frank_Jourdan,Ford,4
Christian_Koetz,TU_Braunschweig,3
Christian_Koetz,TU_Copenhagen,3
Helmut_Matschi,OTH,3
Helmut_Matschi,Siemens,4
Ariane_Reinhart,Universitaet_Hamburg,3
Ariane_Reinhart,International_Labour_Organization,4
Ariane_Reinhart,Volkswagen,4
Ariane_Reinhart,Vonovia,5
Wolfgang_Schaefer,LMU,3
Wolfgang_Schaefer,INSEAD,3
Wolfgang_Schaefer,Bosch,4
Wolfgang_Schaefer,Bain_Co,4
Wolfgang_Schaefer,Westig,4
Wolfgang_Schaefer,Vorwerk,4
Wolfgang_Schaefer,Behr,4
Wolfgang_Schaefer,Linde,4
Nikolai_Setzer,TU_Darmstadt,3
Nikolai_Setzer,Universitaet_Bordeaux,3
Dieter_Zetsche,VDA,6
Dieter_Zetsche,KIT,3
Dieter_Zetsche,Daimler,3
Dieter_Zetsche,Universitaet_Paderborn,3
Dieter_Zetsche,TUI,5
Dieter_Zetsche,RWE,5
Dieter_Zetsche,Aldi_Sued,6
Dieter_Zetsche,Deutsche_Sporthilfe,6
Dieter_Zetsche,ACEA,6
Dieter_Zetsche,Deutsch_Tuerkisches_Forum_Stuttgart,6
Dieter_Zetsche,KIT,5
Ola_Kaellenius,Stockholm_School_of_Economics,3
Ola_Kaellenius,Universitaet_StGallen,3
Ola_Kaellenius,VDA,6
Martin_Daum,Universitaet_Mannheim,3
Martin_Daum,ACEA,6
Renata_Jungo_Bruengger,Universitaet_Freiburg,3
Renata_Jungo_Bruengger,Universitaet_Zuerich,3
Renata_Jungo_Bruengger,Metro_Holding,4
Renata_Jungo_Bruengger,Emerson_Electric,4
Renata_Jungo_Bruengger,Munich_RE,5
Renata_Jungo_Bruengger,Baer_Karrer,4
Wilfried_Porth,VfB_Stuttgart,5
Wilfried_Porth,Universitaet_Stuttgart,3
Wilfried_Porth,Hans_Martin_Schleyer_Stiftung,6
Markus_Schaefer,TU_Darmstadt,3
Britta_Seeger,DHBW,3
Hubertus_Troska,Universitaet_Giessen,3
Harald_Wilhelm,Daimler_Mobility,5
Harald_Wilhelm,DAI,6
Harald_Wilhelm,BAIC_Motor_Corporation,6
Harald_Wilhelm,LMU,3
Herbert_Diess,FH_Muenchen,3
Herbert_Diess,TUM,3
Herbert_Diess,Bosch,4
Herbert_Diess,BMW,4
Herbert_Diess,FC_Bayern_Muenchen,5
Herbert_Diess,Infineon,5
Herbert_Diess,VDA,6
Herbert_Diess,Skoda,5
Herbert_Diess,Seat,5
Herbert_Diess,Audi,5
Oliver_Blume,VDA,6
Oliver_Blume,TU_Braunschweig,3
Oliver_Blume,Tongji_Universitaet_Schanghai,3
Oliver_Blume,Audi,4
Oliver_Blume,Porsche,3
Markus_Duesmann,FH_Steinfurt,3
Markus_Duesmann,Daimler,4
Markus_Duesmann,BMW,4
Markus_Duesmann,Audi,1
Markus_Duesmann,Freunde_der_TU_Muenchen,6
Gunnar_Kilian,Audi,5
Gunnar_Kilian,MAN,5
Gunnar_Kilian,Volkswagen_Belegschaftsstiftung,1
Gunnar_Kilian,Helmstedter_Blitz,3
Gunnar_Kilian,Initiative_Chefsache,6
Andreas_Renschler,HS_Esslingen,3
Andreas_Renschler,Universitaet_Tuebingen,3
Andreas_Renschler,Igel,6
Andreas_Renschler,Daimler,4
Andreas_Renschler,Traton,1
Andreas_Renschler,BDI,6
Andreas_Renschler,HP,4
Andreas_Renschler,VDA,6
Andreas_Renschler,ACEA,6
Andreas_Renschler,Tognum,5
Andreas_Renschler,MAN,5
Andreas_Renschler,Deutsche_Messe,5
Stefan_Sommer,Universitaet_Bochum,3
Stefan_Sommer,Continental,4
Stefan_Sommer,ITT_Automotive,4
Stefan_Sommer,ZF_Friedrichshafen,4
Stefan_Sommer,VDA,6
Hiltrud_Dorothea_Werner,Audi,5
Hiltrud_Dorothea_Werner,MLU,3
Hiltrud_Dorothea_Werner,Softlab,4
Hiltrud_Dorothea_Werner,BMW,4
Hiltrud_Dorothea_Werner,MAN,4
Hiltrud_Dorothea_Werner,ZF_Friedrichshafen,4
Hiltrud_Dorothea_Werner,Porsche,5
Hiltrud_Dorothea_Werner,Seat,5
Hiltrud_Dorothea_Werner,Traton,5
Hiltrud_Dorothea_Werner,ESMT_Berlin,3
Hiltrud_Dorothea_Werner,Woman_Leaders_Global_Forum,6
Frank_Witter,Universitaet_Hannover,3
Frank_Witter,VfL_Wolfsburg,5
Martin_Brudermueller,KIT,3
Martin_Brudermueller,University_of_California,3
Martin_Brudermueller,Styrolution,6
Martin_Brudermueller,APA,6
Martin_Brudermueller,GRUENEN,6
Martin_Brudermueller,Max_Planck_Gesellschaft,6
Martin_Brudermueller,BDI,6
Martin_Brudermueller,BDA,6
Martin_Brudermueller,VCI,6
Martin_Brudermueller,acatech,6
Martin_Brudermueller,FCI,6
Martin_Brudermueller,NPE,6
Hans_Ulrich_Engel,Universitaet_Goettingen,3
Hans_Ulrich_Engel,Universitaet_Freiburg,3
Hans_Ulrich_Engel,Wintershall,5
Hans_Ulrich_Engel,AmCham,6
Hans_Ulrich_Engel,LBBW,6
Hans_Ulrich_Engel,DAI,6
Hans_Ulrich_Engel,Nord_Stream,6
Hans_Ulrich_Engel,OAOEV,6
Hans_Ulrich_Engel,ICC_Germany,6
Saori_Dubourg,Universitaet_Trier,3
Saori_Dubourg,Universitaet_Heidelberg,6
Saori_Dubourg,RNE,6
Michael_Heinz,FH_Ludwigshafen,3
Michael_Heinz,Duke_University,3
Michael_Heinz,Cognis,4
Michael_Heinz,Ciba,4
Michael_Heinz,ZMRN,6
Michael_Heinz,WZGE,6
Michael_Heinz,Stiftung_Universitaet_Heidelberg,6
Michael_Heinz,Initiative_Chefsache,6
Michael_Heinz,If_E,6
Michael_Heinz,DGFP,6
Michael_Heinz,Wissensfabrik,6
Michael_Heinz,BAVC,6
Michael_Heinz,ZIRP,6
Michael_Heinz,Goethe_Institut,6
Michael_Heinz,BDI,6
Michael_Heinz,Wintershall,6
Michael_Heinz,Europaeische_Stiftung_Kaiserdom_zu_Speyer,6
Michael_Heinz,LADW,6
Markus_Kamieth,Universitaet_Essen,3
Wayne_T_Smith,Syracuse_University,3
Wayne_T_Smith,Wharton_Business_School,3
Wayne_T_Smith,BOC,4
Wayne_T_Smith,Inter_Pipeline,2
Werner_Baumann,RWTH,3
Werner_Baumann,Universitaet_Koeln,3
Werner_Baumann,DAI,6
Werner_Baumann,BDI,6
Liam_Condon,Dublin_City_University,3
Liam_Condon,TU_Berlin,3
Liam_Condon,Schering,4
Wolfgang_Nickl,DHBW,3
Wolfgang_Nickl,Marshall_School_of_Business,3
Wolfgang_Nickl,SerCon,4
Wolfgang_Nickl,Western_Digital_Corporation,4
Wolfgang_Nickl,Converge,4
Wolfgang_Nickl,ASML_N_V,4
Stefan_Oelrich,IHK_Koeln,3
Stefan_Oelrich,Sanofi,4
Stefan_Oelrich,BIH,5
Stefan_Oelrich,InforMed_Data_Systems,6
Heiko_Schipper,EUR,3
Heiko_Schipper,Heineken,4
Heiko_Schipper,Nestle,4
Heiko_Schipper,Royal_Friesland_Campina,5
Markus_Steilemann,RWTH,3
Markus_Steilemann,Bayer,4
Markus_Steilemann,VCI,6
Markus_Steilemann,CEFIC,2
Markus_Steilemann,Plactics_Europe,6
Markus_Steilemann,SusChem,6
Sucheta_Govil,University_of_Dehli,3
Sucheta_Govil,Indian_Institute_of_Management,3
Sucheta_Govil,GlaxoSmithKline,4
Sucheta_Govil,PepsiCo,4
Sucheta_Govil,AkzoNobel,4
Sucheta_Govil,DSM,4
Sucheta_Govil,Eurocell,2
Thomas_Toepfer,WHU_Koblenz,3
Thomas_Toepfer,McKinsey,4
Thomas_Toepfer,Hapag_Lloyd,4
Thomas_Toepfer,Arcandor,4
Thomas_Toepfer,Karstadt,4
Thomas_Toepfer,Kion,4
Thomas_Toepfer,Still,4
Klaus_Schaefer,Universitaet_Koeln,3
Klaus_Schaefer,Currenta,4
Klaus_Schaefer,EC_Erdoelchemie,4
Klaus_Schaefer,BP,4
Klaus_Schaefer,Bayer,4
Klaus_Schaefer,TUEV_Rheinland,5
Rice_Powell,Mississippi_College,3
Rice_Powell,Baxter_Healthcare_Corporation,4
Rice_Powell,Biogen,4
Rice_Powell,ErgoScience,4
Helen_Giza,Kellogg_School_of_Management,3
Helen_Giza,ITT_Inc,4
Helen_Giza,Dana_Incorporated,4
Helen_Giza,Abott_Laboratories,4
Helen_Giza,TAP_Pharmaceutical_Products,4
Helen_Giza,Takeda_Pharmaceutical,4
Franklin_W_Maddux,University_of_North_Carolina,3
Franklin_W_Maddux,Vanderbilt_University,3
Franklin_W_Maddux,Gamewood_Technology,4
Franklin_W_Maddux,Danville_Urologic_Clinic,4
Franklin_W_Maddux,Specialty_Care,4
Franklin_W_Maddux,Health_IT_Service,4
Franklin_W_Maddux,Goldfinch_Bio,5
Franklin_W_Maddux,Humacyte,5
Katarzyna_Mazur_Hofsaess,Universitaet_Danzig,3
Katarzyna_Mazur_Hofsaess,University_of_Minnesota,3
Katarzyna_Mazur_Hofsaess,Roche,4
Katarzyna_Mazur_Hofsaess,Allergy_Therapeutics,4
Katarzyna_Mazur_Hofsaess,Abott_Laboratories,4
Katarzyna_Mazur_Hofsaess,Zimmer_Holdings,4
Olaf_Schermeier,Universitaet_Hannover,3
Olaf_Schermeier,TU_Berlin,3
Olaf_Schermeier,Charite,4
Olaf_Schermeier,Robodent,4
Olaf_Schermeier,Biotronik,4
Olaf_Schermeier,Draeger_Medical,4
Olaf_Schermeier,XENIOS,5
Olaf_Schermeier,Medos_Medizintechnik,5
Olaf_Schermeier,Stifterverband,6
William_Valle,Clarkson_University,3
William_Valle,Analytab_Products,4
William_Valle,CD_Medical,4
William_Valle,Gambro_Healthcare,4
William_Valle,Innovative_Health_Strategies,4
Kent_Wanzek,University_of_Iowa,3
Kent_Wanzek,Northwestern_University,3
Kent_Wanzek,John_Crane_Packing,4
Kent_Wanzek,Baxter_Healthcare_Corporation,4
Kent_Wanzek,Chiron,4
Kent_Wanzek,PerkinElmer,4
Kent_Wanzek,Philips_Medical_Systems,4
Harry_de_Wit,VU_Amsterdam,3
Harry_de_Wit,3M,4
Harry_de_Wit,ConvaTec,4
Harry_de_Wit,CombiCare_BV,4
Harry_de_Wit,Tyco_Healthcare,4
Harry_de_Wit,Covidien_Pte,4
Harry_de_Wit,New_Asia_Investments_Pte,5
Stephan_Sturm,Universitaet_Mannheim,3
Stephan_Sturm,McKinsey,4
Stephan_Sturm,BHF_Bank,4
Stephan_Sturm,Union_Bank_Switzerlland,4
Stephan_Sturm,CSFB,4
Stephan_Sturm,Lufthansa,5
Stephan_Sturm,Fresenius_Medical_Care,5
Stephan_Sturm,Fresenius_Kabi,5
Stephan_Sturm,VAMED,6
Francesco_De_Meo,Universitaet_Tuebingen,3
Francesco_De_Meo,Thuemmel_Schuetze_Partner,4
Francesco_De_Meo,Rauser,4
Francesco_De_Meo,Helios_Kliniken,4
Rachel_Empey,ICAEW,3
Rachel_Empey,University_of_Oxford,3
Rachel_Empey,Ernst_Young,4
Rachel_Empey,Alcatel_Lucent,4
Rachel_Empey,Weir_Strachan_Henshaw,4
Rachel_Empey,Telefonica,4
Rachel_Empey,Fresenius_Medical_Care,5
Rachel_Empey,Fresenius_Kabi,5
Rachel_Empey,Ichcape_plc,2
Juergen_Goetz,Universitaet_Frankfurt,3
Juergen_Goetz,Hoechst,4
Juergen_Goetz,Aventis_Pharma,4
Mats_Henriksson,Gothenburg_School_of_Economics,3
Mats_Henriksson,Pharmacia_Upjohn,4
Mats_Henriksson,Fresenius_Kabi,2
Mats_Henriksson,Fenwal,6
Mats_Henriksson,Labesfal,6
Mats_Henriksson,Quercus_Acquisition,6
Ernst_Wastler,WU_Wien,3
Ernst_Wastler,Austroplan,4
Ernst_Wastler,VAMED,4
Ernst_Wastler,VAMED,5
Stefan_Oschmann,LMU,3
Stefan_Oschmann,IAEA,4
Stefan_Oschmann,VCI,4
Stefan_Oschmann,MSD,4
Stefan_Oschmann,IFPMA,6
Stefan_Oschmann,EFPIA,6
Stefan_Oschmann,Wirtschaftbeirat_DW,6
Stefan_Oschmann,ERT,6
Stefan_Oschmann,acatech,6
Stefan_Oschmann,Springer_Nature,5
Udit_Batra,University_of_Delaware,3
Udit_Batra,Princeton_University,3
Udit_Batra,MSD,4
Udit_Batra,McKinsey,4
Udit_Batra,Johnson_Johnson,4
Udit_Batra,Novartis,4
Udit_Batra,MiliporeSigma,4
Udit_Batra,Greater_Boston_Chamber_of_Commerce,6
Udit_Batra,Massachusetts_High_Technology_Council,6
Udit_Batra,Massachusetts_Biotechnology_Council,6
Kai_Beckmann,TU_Darmstadt,3
Kai_Beckmann,BAVC,6
Kai_Beckmann,Bundesdruckerei,5
Kai_Beckmann,Frauenhofer_Institut,6
Kai_Beckmann,BDA,6
Belen_Garijo,Universitaet_Alcala,3
Belen_Garijo,Sanofi,4
Belen_Garijo,L_Oreal,6
Belen_Garijo,PhRMA,6
Belen_Garijo,Banco_Bilbao_Vizcaya_Argentaria,5
Marcus_Kuhnert,TU_Darmstadt,3
Marcus_Kuhnert,Henkel,4
Marcus_Kuhnert,Fraport,6
Marcus_Kuhnert,Deutsche_Bank,6
Marcus_Kuhnert,VCI,6
Marcus_Kuhnert,Harvard_Business_School,3
Kasper_Rorsted,Harvard_Business_School,3
Kasper_Rorsted,Copenhagen_Business_School,3
Kasper_Rorsted,Oracle,4
Kasper_Rorsted,Compaq,4
Kasper_Rorsted,HP,4
Kasper_Rorsted,Henkel,4
Kasper_Rorsted,Nestle,5
Roland_Auschel,FH_Muenster,3
Roland_Auschel,University_of_Miami,3
Roland_Auschel,Stanford_University,3
Roland_Auschel,University_of_Hull,3
Brian_Grevy,Vejle_Business_School,4
Brian_Grevy,Reebok,4
Brian_Grevy,GANT,4
Brian_Grevy,Pitzner_Gruppen_Holding,6
Harm_Ohlmeyer,Universitaet_Regensburg,3
Harm_Ohlmeyer,Murray_State_University,3
Harm_Ohlmeyer,Lafarge,4
Harm_Ohlmeyer,Roland_Berger_Partner,4
Karen_Parkin,Lancaster_University,3
Karen_Parkin,Sheffield_Hallam_University,3
Karen_Parkin,Lego,4
Karen_Parkin,Tiger_Electronics,4
Martin_Shankland,University_of_New_South_Wales,3
Martin_Shankland,ICAEW,3
Stefan_de_Loecker,University_of_Antwerpen,3
Stefan_de_Loecker,Nestle,4
Stefan_de_Loecker,Tesco,4
Stefan_de_Loecker,NCEC,4
Stefan_de_Loecker,London_Business_School,3
Stefan_de_Loecker,IMD,3
Stefan_de_Loecker,Maggi,4
Thomas_Ingelfinger,Universitaet_Konstanz,3
Thomas_Ingelfinger,Silhouette_Intl_Schmied,6
Thomas_Ingelfinger,Davide_Campari_Milano_Spa,6
Thomas_Ingelfinger,Rutgers_University,3
Zhengrong_Liu,Lanxess,4
Zhengrong_Liu,Bayer,4
Zhengrong_Liu,Universitaet_Koeln,3
Zhengrong_Liu,Friedrich_Ebert_Stiftung,3
Ramon_A_Mirt,Universidad_Central_de_Venezuela,3
Ramon_A_Mirt,Kraft,4
Ramon_A_Mirt,Philip_Morris,4
Ramon_A_Mirt,ReckittBenckiser,4
Asim_Naseer,Northwestern_University,3
Asim_Naseer,McGill_University,3
Asim_Naseer,Ravi_Spinnings_Limited,4
Asim_Naseer,Procter_Gamble,4
Dessi_Temperley,Henley_Business_School,3
Dessi_Temperley,Shell,4
Dessi_Temperley,Cable_Wireless,4
Dessi_Temperley,Nestle,4
Dessi_Temperley,CocaCola,5
Dessi_Temperley,IMD,3
Dessi_Temperley,ICAEW,3
Vincent_Warnery,ESSEC_Business_School,3
Vincent_Warnery,Procter_Gamble,4
Vincent_Warnery,Bacardi,4
Vincent_Warnery,L_Oreal,4
Vincent_Warnery,Sanofi,4
Vincent_Warnery,ALK,5
Hans_Van_Bylen,University_of_Antwerpen,3
Hans_Van_Bylen,Harvard_Business_School,3
Hans_Van_Bylen,VCI,6
Hans_Van_Bylen,GfK,5
Hans_Van_Bylen,Ecolab,6
Hans_Van_Bylen,BDI,6
Hans_Van_Bylen,BBUG,6
Hans_Van_Bylen,Consumer_Goods_Forum,6
Hans_Van_Bylen,ERT,6
Hans_Van_Bylen,Friends_of_the_Deutsche_Oper_am_Rhein,6
Carsten_Knobel,TU_Berlin,3
Carsten_Knobel,Harvard_Business_School,3
Carsten_Knobel,Lufthansa,5
Marco_Swoboda,Harvard_Business_School,3
Marco_Swoboda,Universitaet_Bochum,3
Sylvie_Nicol,ESCP,3
Jens_Martin_Schwaerzler,Harvard_Business_School,3
Jens_Martin_Schwaerzler,INSEAD,3
Jens_Martin_Schwaerzler,Universitaet_Hohenheim,3
Bruno_Piacenza,HEC_Paris,3
Bruno_Piacenza,Bain_Co,4
Johannes_Teyssen,Universitaet_Freiburg,3
Johannes_Teyssen,Universitaet_Goettingen,3
Johannes_Teyssen,University_Boston,3
Johannes_Teyssen,HASTRA,4
Johannes_Teyssen,PreussenElektra,4
Johannes_Teyssen,Eurelectric,6
Johannes_Teyssen,Deutsche_Bank,5
Johannes_Teyssen,Salzgitter_AG,5
Johannes_Teyssen,Nord_Stream,5
Johannes_Teyssen,BDI,6
Johannes_Teyssen,World_Energy_Council,6
Johannes_Teyssen,Uniper,5
Leonhard_Birnbaum,KIT,3
Leonhard_Birnbaum,Universitaet_Cottbus,3
Leonhard_Birnbaum,McKinsey,4
Leonhard_Birnbaum,RWE,4
Leonhard_Birnbaum,innogy,5
Leonhard_Birnbaum,BDEW,6
Leonhard_Birnbaum,Eurelectric,6
Leonhard_Birnbaum,World_Energy_Council,6
Leonhard_Birnbaum,Georgsmarienhuette_Holding,6
Thomas_Koenig,Universitaet_Muenster,3
Thomas_Koenig,VEBA,4
Thomas_Koenig,AVACON,5
Thomas_Koenig,Bayernwerk,5
Thomas_Koenig,E_DIS,5
Thomas_Koenig,Hansewerk,5
Marc_Spieker,WHU_Koblenz,3
Marc_Spieker,University_of_Texas,3
Marc_Spieker,Nord_Stream,5
Karsten_Wildberger,TUM,3
Karsten_Wildberger,RWTH,3
Karsten_Wildberger,INSEAD,3
Karsten_Wildberger,BCG,4
Karsten_Wildberger,T_Mobile,4
Karsten_Wildberger,Telstra,4
Rolf_Schmitz,RWTH,3
Rolf_Schmitz,Steag,4
Rolf_Schmitz,VEBA,4
Rolf_Schmitz,rhenag,4
Rolf_Schmitz,Tuega,4
Rolf_Schmitz,Stadtwerke_Koeln,4
Rolf_Schmitz,GEW,4
Rolf_Schmitz,RheinEnergie,4
Rolf_Schmitz,BDEW,6
Rolf_Schmitz,EON,5
Rolf_Schmitz,TUEV_Rheinland,5
Rolf_Schmitz,Ampirion,5
Rolf_Schmitz,Kaerntner_Energieholding,6
Rolf_Schmitz,KELAG,6
Rolf_Schmitz,Jaeger,6
Markus_Krebber,Deutsche_Bank,3
Markus_Krebber,Universitaet_Duisburg,3
Markus_Krebber,Indiana_University,3
Markus_Krebber,Universitaet_Berlin,3
Markus_Krebber,McKinsey,4
Markus_Krebber,Commerzbank,4
Fabio_de_Ferrari,Universitaet_Padua,3
Fabio_de_Ferrari,University_of_California,3
Fabio_de_Ferrari,HP,4
Fabio_de_Ferrari,Gartner,4
Fabio_de_Ferrari,McKinsey,4
Fabio_de_Ferrari,Gestione_Sistemi_Infornatici,4
Fabio_de_Ferrari,Cedacri,4
Fabio_de_Ferrari,ABI,6
Katja_de_la_Vina,Universitaet_Mannheim,3
Katja_de_la_Vina,KPMG,4
Katja_de_la_Vina,PwC,4
Bernd_Heinemann,RWTH,3
Bernd_Heinemann,MIT,3
Bernd_Heinemann,McKinsey,4
Andreas_Kanning,Universitaet_der_Bundeswehr,3
Andreas_Kanning,Harvard_Business_School,3
Andreas_Kanning,Deutsche_Bundeswehr,4
Andreas_Kanning,Frankfurter_Versicherung,4
Nina_Klingspor,Universitaet_Trier,3
Nina_Klingspor,National_Taiwan_Normal_University,3
Nina_Klingspor,LBBW,4
Aylin_Somersan_Coqui,Davidson_College,3
Aylin_Somersan_Coqui,Harvard_Business_School,3
Aylin_Somersan_Coqui,Morgan_Stanley,4
Aylin_Somersan_Coqui,PIMCO_Europe,4
Frank_Sommerfeld,Universitaet_Duisburg,3
Frank_Sommerfeld,EMB,4
Frank_Sommerfeld,Towers_Watson,4
Frank_Sommerfeld,Europa_Lebensversicherung,4
Andreas_Wimmer,Universitaet_Regensburg,3
Andreas_Wimmer,Murray_State_University,3
Christan_Sewing,Bankakademie,3
Christan_Sewing,BdB,6
Christan_Sewing,CDU_Wirtschaftsrat,6
Karl_von_Rohr,Universitaet_Bonn,3
Karl_von_Rohr,Universitaet_Kiel,3
Karl_von_Rohr,Universitaet_Lausanne,3
Karl_von_Rohr,Cornell_University,3
Karl_von_Rohr,Barmenia,5
Karl_von_Rohr,AGV_Banken,2
Karl_von_Rohr,DWS,5
Fabrizio_Campelli,MIT_Sloan_School,3
Fabrizio_Campelli,Luigi_Bocconi_Mailand,3
Fabrizio_Campelli,Goldman_Sachs,4
Fabrizio_Campelli,McKinsey,4
Frank_Kuhnke,Bankakademie,3
Bernd_Leukert,KIT,3
Bernd_Leukert,Trinity_College_Dublin,3
Bernd_Leukert,SAP,4
Bernd_Leukert,TomTom,5
Bernd_Leukert,Bertelsmann,5
Stuart_Lewis,University_of_Dundee,3
Stuart_Lewis,London_School_of_Economics,3
Stuart_Lewis,College_Guildford,3
Stuart_Lewis,CSFB,4
Stuart_Lewis,Illinois_National_Bank,4
Stuart_Lewis,IFRI,2
Stuart_Lewis,GARP,2
James_von_Moltke,University_of_Oxford,3
James_von_Moltke,CSFB,4
James_von_Moltke,JP_Morgan,4
James_von_Moltke,Morgan_Stanley,4
James_von_Moltke,Citigroup,4
James_von_Moltke,BVV_Versorgungskasse,5
James_von_Moltke,BVV_Versicherungsverein,5
Christiana_Riley,Princeton_University,3
Christiana_Riley,London_Business_School,3
Christiana_Riley,Greenhill,4
Christiana_Riley,McKinsey,4
Werner_Steinmueller,TU_Darmstadt,3
Werner_Steinmueller,Citibank,4
Werner_Steinmueller,Deutsche_Postbank,5
Werner_Steinmueller,APA,6
Theodor_Weimer,Universitaet_Tuebingen,3
Theodor_Weimer,Universitaet_StGallen,3
Theodor_Weimer,Universitaet_Bonn,3
Theodor_Weimer,McKinsey,4
Theodor_Weimer,Bain_Co,4
Theodor_Weimer,Goldman_Sachs,4
Theodor_Weimer,Unicredit,4
Theodor_Weimer,FC_Bayern_Muenchen,5
Theodor_Weimer,Deutsche_Bank,5
Theodor_Weimer,BSK,6
Theodor_Weimer,ICC_Germany,6
Theodor_Weimer,Frankfurt_School_of_Finance,6
Theodor_Weimer,econsense,6
Theodor_Weimer,Berliner_Philharmoniker,6
Theodor_Weimer,Staedtische_Buehnen_eV,6
Theodor_Weimer,Rheingau_Musikfestival,6
Theodor_Weimer,Hessischer_Kreis_eV,6
Christoph_Boehm,Universitaet_Duisburg,3
Christoph_Boehm,Topometrix,4
Christoph_Boehm,Deutsche_Post,4
Christoph_Boehm,SIGNAL_IDUNA,4
Christoph_Boehm,Deutsche_Telekom,4
Christoph_Boehm,Vodafone,4
Christoph_Boehm,SAP,4
Christoph_Boehm,Clearstream,5
Christoph_Boehm,Qontigo,5
Thomas_Book,Universitaet_Muenster,3
Thomas_Book,Universitaet_Giessen,3
Thomas_Book,Eurex,4
Thomas_Book,CEINEX,5
Thomas_Book,360_Treasury_Systems,5
Thomas_Book,EEX,5
Stephan_Leithner,Universitaet_StGallen,3
Stephan_Leithner,McKinsey,4
Stephan_Leithner,Deutsche_Bank,4
Stephan_Leithner,EQT,4
Stephan_Leithner,Clearstream,5
Stephan_Leithner,Qontigo,6
Stephan_Leithner,BBUG,6
Gregor_Pottmeyer,Universitaet_Saarland,3
Gregor_Pottmeyer,Daimler,4
Gregor_Pottmeyer,Mercedes_Benz_Bank,4
Gregor_Pottmeyer,DaimlerChrysler_Bank,4
Gregor_Pottmeyer,debis,4
Gregor_Pottmeyer,Clearstream,5
Gregor_Pottmeyer,Eurex,5
Hauke_Stars,Universitaet_Magdeburg,3
Hauke_Stars,University_Warwick,3
Hauke_Stars,Bertelsmann,4
Hauke_Stars,ThyssenKrupp,4
Hauke_Stars,HP,4
Hauke_Stars,Eurex,5
Hauke_Stars,Fresenius,5
Hauke_Stars,Clearstream,6
Hauke_Stars,Kuehne_Nagel,6
Hauke_Stars,Deutsche_Bank,6
Hauke_Stars,acatech,6
Hauke_Stars,DAI,6
Hauke_Stars,Frankfurt_Main_Finance_eV,6
Hauke_Stars,Fraport,6
Joachim_Wenning,LMU,3
Joachim_Wenning,NewRe,4
Joachim_Wenning,ERGO,5
Thomas_Blunck,Universitaet_Barcelona,3
Thomas_Blunck,Universitaet_Freiburg,3
Thomas_Blunck,Roland_Berger_Partner,4
Thomas_Blunck,Bosch,4
Thomas_Blunck,esade,3
Thomas_Blunck,ERGO,5
Nicholas_Gartside,University_of_Durham,3
Nicholas_Gartside,University_of_Camebridge,3
Nicholas_Gartside,Mercury_Asset_Management,4
Nicholas_Gartside,Schroder_Investment_Management,4
Nicholas_Gartside,JP_Morgan,4
Doris_Hoepke,Universitaet_Osnabrueck,3
Doris_Hoepke,Universitaet_Hannover,3
Doris_Hoepke,Universitaet_Leiden,3
Doris_Hoepke,HDI,4
Doris_Hoepke,NewRe,6
Torsten_Jeworrek,Universitaet_Magdeburg,3
Torsten_Jeworrek,Insurance_Development_Forum,6
Torsten_Jeworrek,ERGO,5
Christoph_Jurecka,TU_Graz,3
Christoph_Jurecka,TU_Braunschweig,4
Christoph_Jurecka,DBV_Winterthur,4
Christoph_Jurecka,AXA,4
Christoph_Jurecka,ERGO,5
Achim_Kassow,Universitaet_Koeln,3
Achim_Kassow,Deutsche_Bank,3
Achim_Kassow,Comdirect_Bank,4
Achim_Kassow,Commerzbank,4
Achim_Kassow,Oldenburgische_Landesbank,4
Achim_Kassow,Allianz,4
Achim_Kassow,ERGO,5
Markus_Riess,Universitaet_Heidelberg,3
Markus_Riess,Allianz,4
Markus_Riess,McKinsey,4
Markus_Riess,Allfonds_International_Asset_Management,4
Markus_Riess,ERGO,5
Peter_Roeder,Universitaet_Wuerzburg,3
Peter_Roeder,Universitaet_Mannheim,3
Peter_Roeder,EXTREMUS_VersicherungsAG,5
Rolf_Buch,RWTH,3
Rolf_Buch,Bertelsmann,4
Rolf_Buch,Arvato,4
Rolf_Buch,Annington_Immobilien,4
Rolf_Buch,DV,6
Rolf_Buch,Koetter,6
Rolf_Buch,Hembla_AB,6
Rolf_Buch,Victoria_Park_AB,6
Arnd_Fittkau,MAN,3
Arnd_Fittkau,Hochtief,4
Arnd_Fittkau,Gagfah,4
Helene_von_Roeder,LMU,3
Helene_von_Roeder,University_of_Camebridge,3
Helene_von_Roeder,Deutsche_Bank,4
Helene_von_Roeder,UBS,4
Helene_von_Roeder,Merrill_Lynch,4
Helene_von_Roeder,Morgan_Stanley,4
Helene_von_Roeder,CSFB,4
Helene_von_Roeder,BUWOG,5
Helene_von_Roeder,Merck,5
Helene_von_Roeder,Generation_CEO,6
Helene_von_Roeder,AVW_Versicherungsmakler,5
Helene_von_Roeder,Victoria_Park_AB,6
Helene_von_Roeder,Hembla_AB,6
Daniel_Riedl,RICS,6
Daniel_Riedl,BUWOG,6
Daniel_Riedl,Immofinanz,6
Markus_Braun,TU_Wien,3
Markus_Braun,Universitaet_Wien,3
Markus_Braun,Contrast_Management_Consulting,4
Markus_Braun,KPMG,4
Alexander_von_Knoop,University_of_California,3
Alexander_von_Knoop,PwC,4
Alexander_von_Knoop,Deutsche_Bank,6
Susanne_Steidl,Universitaet_Innsbruck,3
Susanne_Steidl,Aarhus_School_of_Business,3
Susanne_Steidl,Axxom_Software,4
Dominik_von_Achten,Universitaet_Freiburg,3
Dominik_von_Achten,LMU,3
Dominik_von_Achten,Oberlandesgericht_Muenchen,4
Dominik_von_Achten,Landgericht_Traunstein,4
Dominik_von_Achten,BCG,4
Dominik_von_Achten,BBS,6
Dominik_von_Achten,BDI,6
Lorenz_Naeger,Universitaet_Regensburg,3
Lorenz_Naeger,Universitaet_Mannheim,3
Lorenz_Naeger,University_Swansea,3
Lorenz_Naeger,MVV_Energie,4
Lorenz_Naeger,Phoenix,4
Kevin_Gluskie,University_Tasmania,3
Kevin_Gluskie,University_Sydney,3
Kevin_Gluskie,Pioneer,4
Kevin_Gluskie,Zuari_Cement,2
Kevin_Gluskie,Hanson_Building_Materials,2
Hakan_Gurdal,TU_Yildiz,3
Hakan_Gurdal,Universitaet_Instanbul,3
Hakan_Gurdal,Canakkale_Cimento,4
Hakan_Gurdal,Akcansa,4
Ernest_Jelito,AGH_Krakau,3
Jon_Morrish,University_Leeds,3
Jon_Morrish,Cranfield_School_of_Management,3
Jon_Morrish,Hanson_Building_Materials,4
Chris_Ward,University_Misssouri_Rolla,3
Joe_Kaeser,Allianz,5
Joe_Kaeser,Daimler,5
Joe_Kaeser,NXP_Semiconductors,5
Joe_Kaeser,APA,6
Joe_Kaeser,Universitaet_Regensburg,3
Roland_Busch,Universitaet_Nuernberg,3
Roland_Busch,Universitaet_Grenoble,3
Roland_Busch,OSRAM,5
Roland_Busch,ESMT_Berlin,5
Roland_Busch,ZVEI,6
Roland_Busch,Plattform_I40,6
Klaus_Helmrich,FHWS,3
Klaus_Helmrich,EOS,5
Klaus_Helmrich,Inpro,5
Klaus_Helmrich,Deutsche_Messe,6
Cedrik_Neike,University_College_London,3
Cedrik_Neike,INSEAD,3
Cedrik_Neike,London_School_of_Economics,3
Ralf_Thomas,Universitaet_Nuernberg,3
Ralf_Thomas,BSK,5
Ralf_Thomas,Max_Planck_Gesellschaft,6
Ralf_Thomas,DRSC,6
Steve_Angel,University_of_North_Carolina,3
Steve_Angel,Loyola_University,3
Steve_Angel,General_Electric,4
Steve_Angel,Praxair,4
Steve_Angel,PPG_Industries,5
Matt_White,Pennsylvania_State_University,3
Matt_White,University_of_Delaware,3
Matt_White,GenTek,4
Matt_White,Praxair,4
Matt_White,Fisher_Scientific,4
Sanjiv_Lamba,Xaviers_College_Calcutta,3
Sanjiv_Lamba,Institute_of_Chartered_Accountants_India,3
Eduardo_Menezes,University_of_Rio_de_Janeiro,3
Eduardo_Menezes,State_University_NY,3
Eduardo_Menezes,Praxair,4
Juergen_Nowicki,KIT,3
Juergen_Nowicki,ITM_Power,4
Andreas_Opfermann,Universitaet_Heidelberg,3
Andreas_Opfermann,University_of_Camebridge,3
Andreas_Opfermann,McKinsey,4
Anne_Roby,Villanova_University,3
Anne_Roby,University_of_Delaware,3
Anne_Roby,Praxair,4
Anne_Roby,WCHN,4
Anne_Roby,Villanova_University,6
Reiner_Winkler,Universitaet_Marburg,3
Reiner_Winkler,Siemens,4
Reiner_Winkler,Daimler,4
Peter_Kameritsch,LMU,3
Peter_Kameritsch,DAI,6
Michael_Schreyoegg,FH_Kempten,3
Lars_Wagner,Airbus,4
Lars_Wagner,RWTH,3
Frank_Appel,LMU,3
Frank_Appel,ETH_Zuerich,3
Frank_Appel,McKinsey,4
Frank_Appel,adidas,5
Ken_Allen,ICAEW,3
Ken_Allen,Blue_Dart_Express,5
Oscar_de_Bok,Universitaet_Groningen,3
Oscar_de_Bok,Nedlloyd,4
Oscar_de_Bok,Danzas_Logistics,4
Melanie_Kreis,State_University_NY,3
Melanie_Kreis,Universitaet_Bonn,3
Melanie_Kreis,INSEAD,3
Melanie_Kreis,McKinsey,4
Melanie_Kreis,Apax_Partners,4
Tobias_Meyer,TU_Darmstadt,3
Tobias_Meyer,McKinsey,4
Thomas_Ogilvie,Universitaet_Bonn,3
Thomas_Ogilvie,Universitaet_StGallen,3
John_Pearson,Harper_Adams_University,3
Tim_Scharwath,Universitaet_Hamburg,3
Tim_Scharwath,Kuehne_Nagel,4
Carsten_Spohr,KIT,3
Carsten_Spohr,Aerospace,3
Carsten_Spohr,DrOetker,5
Carsten_Spohr,ThyssenKrupp,5
Carsten_Spohr,Munich_RE,5
Thorsten_Dirks,Universitaet_Hamburg,3
Thorsten_Dirks,E_Plus,4
Thorsten_Dirks,Telefonica,4
Thorsten_Dirks,Eurowings,4
Thorsten_Dirks,BDI,6
Thorsten_Dirks,Bitkom,6
Christina_Foerster,BCG,4
Christina_Foerster,Brussels_Airlines,4
Christina_Foerster,University_of_Pensilvania,3
Harry_Hohmeister,Swiss_International_AirLines,4
Harry_Hohmeister,AmCham,6
Detlef_Kayser,TU_Braunschweig,3
Detlef_Kayser,McKinsey,4
Ulrik_Svensson,Stockholm_School_of_Economics,3
Ulrik_Svensson,Swedish_Match,4
Ulrik_Svensson,Esselte,4
Ulrik_Svensson,Swiss_International_AirLines,4
Ulrik_Svensson,Austrian_Airlines,5
Michael_Niggemann,Universitaet_Freiburg,3
Michael_Niggemann,Deutsche_Bundeswehr,4
Michael_Niggemann,OLG_Hamm,3
Michael_Niggemann,Hengeler_Mueller,4
Michael_Niggemann,Hochtief,4
Michael_Niggemann,Swiss_International_AirLines,2
Michael_Niggemann,Austrian_Airlines,6
Michael_Niggemann,DLP,6
Michael_Niggemann,Lufthansa_CityLine,5
Michael_Niggemann,OELP,6
Timotheus_Hoettges,Universitaet_Koeln,3
Timotheus_Hoettges,Mummert_Partner,4
Timotheus_Hoettges,VIAG,4
Timotheus_Hoettges,EON,4
Timotheus_Hoettges,FC_Bayern_Muenchen,5
Timotheus_Hoettges,Bitkom,6
Timotheus_Hoettges,Henkel,5
Timotheus_Hoettges,BT_Group,6
Adel_Al_Saleh,University_Boston,3
Adel_Al_Saleh,Florida_Atlantic_University,3
Adel_Al_Saleh,IBM,4
Adel_Al_Saleh,IMS_Health,4
Birgit_Bohle,BASF,3
Birgit_Bohle,WHU_Koblenz,3
Birgit_Bohle,ESC_Nizza,3
Birgit_Bohle,University_of_Texas,3
Birgit_Bohle,Bertelsmann,4
Birgit_Bohle,McKinsey,4
Birgit_Bohle,Deutsche_Bahn,4
Srini_Gopalan,University_of_Dehli,3
Srini_Gopalan,IIM_Ahmedabad,3
Srini_Gopalan,Unilever,4
Srini_Gopalan,Accenture,4
Srini_Gopalan,Capital_One,4
Srini_Gopalan,Vodafone,4
Srini_Gopalan,T_Mobile,4
Srini_Gopalan,Bharti_Airtel_India,4
Christian_P_Illek,Universitaet_Duesseldorf,3
Christian_P_Illek,LMU,3
Christian_P_Illek,Microsoft,3
Christian_P_Illek,T_Mobile,3
Christian_P_Illek,Bain_Co,3
Christian_P_Illek,Dell,3
Thorsten_Langheim,University_of_Reading,3
Thorsten_Langheim,University_Leeds,3
Thorsten_Langheim,HS_Bremen,3
Thorsten_Langheim,Deutsche_Sporthilfe,5
Thorsten_Langheim,DFMG,5
Thorsten_Langheim,Deutsche_Bundeswehr,4
Thorsten_Langheim,VFB_Oldenburg,4
Thorsten_Langheim,JP_Morgan,4
Thorsten_Langheim,Blackstone,4
Thorsten_Langheim,WestLB,4
Claudia_Nemat,Universitaet_Koeln,3
Claudia_Nemat,McKinsey,4
Claudia_Nemat,Airbus,5
Claudia_Nemat,Lanxess,6
Dirk_Woessner,TUM,3
Dirk_Woessner,Universitaet_Berlin,3
Dirk_Woessner,Rogers_Communication,4
Dirk_Woessner,McKinsey,4
Thomas_Kremer,Universitaet_Bonn,3
Thomas_Kremer,DSiN,6
Thomas_Kremer,ThyssenKrupp,4
Reinhard_Ploss,TUM,3
Reinhard_Ploss,Siemens,4
Reinhard_Ploss,Futurium,5
Reinhard_Ploss,ESIA,6
Helmut_Gassel,Universitaet_Bochum,3
Helmut_Gassel,Universitaet_Duisburg,3
Helmut_Gassel,Frauenhofer_Institut,4
Helmut_Gassel,Siemens,4
Jochen_Hanebeck,RWTH,3
Jochen_Hanebeck,Siemens,4
Sven_Schneider,Universitaet_Regensburg,3
Sven_Schneider,Universitaet_Trier,4
Sven_Schneider,Universitaet_Nantes,3
Sven_Schneider,Linde,4
Sven_Schneider,Deutsche_Bank,4
Christian_Klein,DHBW,3
Christian_Klein,adidas,5
Bill_McDermott,Dowling_College,3
Bill_McDermott,Kellogg_School_of_Management,3
Bill_McDermott,Wharton_Business_School,3
Bill_McDermott,Xerox,4
Bill_McDermott,Gartner,4
Bill_McDermott,Siebel,4
Bill_McDermott,Under_Armour,5
Bill_McDermott,ANSYS,5
Bill_McDermott,PAETEC_Communications,5
Bill_McDermott,Villanova_University,6
Bill_McDermott,AmCham,6
Bill_McDermott,Service_Now,1
Jennifer_Morgan,James_Madison_University,3
Jennifer_Morgan,Accenture,4
Jennifer_Morgan,Siebel,4
Jennifer_Morgan,BNY_Mellon,5
Jennifer_Morgan,NAF,5
Jennifer_Morgan,GENYOUth_Foundation,6
Adaire_Fox_Martin,Trinity_College_Dublin,3
Adaire_Fox_Martin,Oracle,4
Adaire_Fox_Martin,Equinix,5
Luka_Mucic,Mannheim_Business_School,3
Luka_Mucic,Universitaet_Heidelberg,3
Luka_Mucic,ESSEC_Business_School,3
Luka_Mucic,HeidelbergCement,5
Juergen_Mueller,Universitaet_Goettingen,3
Juergen_Mueller,Hasso_Plattner_Institut,3
Juergen_Mueller,DFKI,5
Juergen_Mueller,acatech,6
Juergen_Mueller,Lition,4
Thomas_Saueressig,DHBW,3
Thomas_Saueressig,ESSEC_Business_School,3
Thomas_Saueressig,Mannheim_Business_School,3